course_id,subject,course_number,prereq_subject,prereq_number
162181,AEROENG,10,MATH,51
162181,AEROENG,10,MATH,52
162181,AEROENG,10,MATH,53
162181,AEROENG,10,PHYSICS,7A
162181,AEROENG,10,COMPSCI,61A
162181,AEROENG,10,ENGIN,7
166420,AEROENG,100,MECENG,103
166420,AEROENG,100,MECENG,104
166420,AEROENG,100,MECENG,132
166420,AEROENG,100,MECENG,106
168514,AEROENG,C124,ENGIN,40
162932,MECENG,C162,MATH,52
162932,MECENG,C162,PHYSICS,7A
100552,ANTHRO,106,BIOLOGY,32
100603,ANTHRO,127A,BIOLOGY,1B
100653,ANTHRO,150,ANTHRO,3
100923,ARABIC,100A,ARABIC,20B
100923,ARABIC,100A,ARABIC,30
100928,ARABIC,104A,ARABIC,20B
100928,ARABIC,104A,ARABIC,30
100918,ARABIC,1A,ARABIC,1A
100918,ARABIC,1A,ARABIC,1B
100920,ARABIC,1B,ARABIC,1A
100965,ARABIC,20A,ARABIC,1B
100965,ARABIC,20A,ARABIC,10
100996,ARCH,100A,ARCH,11A
100996,ARCH,100A,ARCH,11B
100998,ARCH,100C,ARCH,100B
101059,ARCH,150,PHYSICS,8A
101355,ART,102,ART,8
101355,ART,102,ART,13
154855,ART,103,ART,13
157724,ART,116,ART,8
157724,ART,116,ART,12
101370,ART,118,ART,12
101380,ART,132,ART,15
101381,ART,133,ART,14
101406,ART,180,ART,21
101599,ASTRON,120,PHYSICS,89
101599,ASTRON,120,PHYSICS,7A
101599,ASTRON,120,PHYSICS,7B
101599,ASTRON,120,PHYSICS,7C
101599,ASTRON,120,PHYSICS,5A
101599,ASTRON,120,PHYSICS,5B
101599,ASTRON,120,PHYSICS,5C
157491,ASTRON,128,PHYSICS,89
157491,ASTRON,128,DATA,C8
157491,ASTRON,128,DATA,C100
101609,ASTRON,160,PHYSICS,7A
101609,ASTRON,160,PHYSICS,7B
101609,ASTRON,160,PHYSICS,7C
101609,ASTRON,160,PHYSICS,5A
101609,ASTRON,160,PHYSICS,5B
101609,ASTRON,160,PHYSICS,5C
101652,ASTRON,7A,MATH,1A
101652,ASTRON,7A,MATH,1B
101652,ASTRON,7A,PHYSICS,5A
101652,ASTRON,7A,PHYSICS,5B
101652,ASTRON,7A,PHYSICS,5BL
101652,ASTRON,7A,PHYSICS,7A
101652,ASTRON,7A,PHYSICS,7B
124566,EPS,C162,PHYSICS,7A
124566,EPS,C162,PHYSICS,7B
124566,EPS,C162,PHYSICS,7C
161985,PHYSICS,C180,PHYSICS,7A
161985,PHYSICS,C180,PHYSICS,7B
161985,PHYSICS,C180,PHYSICS,7C
161985,PHYSICS,C180,PHYSICS,5
101996,BIOENG,10,MATH,51
101996,BIOENG,10,MATH,16A
101999,BIOENG,102,MATH,53
101999,BIOENG,102,MATH,54
101999,BIOENG,102,PHYSICS,7A
125338,BIOENG,103,PHYSICS,7A
125338,BIOENG,103,PHYSICS,7B
125338,BIOENG,103,MATH,51
125338,BIOENG,103,MATH,52
125338,BIOENG,103,MATH,53
125338,BIOENG,103,MATH,54
125338,BIOENG,103,BIOLOGY,1A
156602,BIOENG,105,MATH,53
156602,BIOENG,105,PHYSICS,7A
156602,BIOENG,105,PHYSICS,7B
102001,BIOENG,110,BIOLOGY,1A
102001,BIOENG,110,MATH,54
125340,BIOENG,114,BIOLOGY,1A
102007,BIOENG,121,CHEM,3A
102007,BIOENG,121,PHYSICS,7A
102007,BIOENG,121,PHYSICS,7B
102009,BIOENG,124,CHEM,3B
102013,BIOENG,140L,BIOLOGY,1A
102018,BIOENG,147,MATH,53
102018,BIOENG,147,MATH,54
102020,BIOENG,150,BIOLOGY,1A
102020,BIOENG,150,CHEM,1A
102024,BIOENG,163,CHEM,3A
102024,BIOENG,163,PHYSICS,7B
158769,CMPBIO,C131,ENGIN,7
163668,CMPBIO,C149,MATH,54
163668,CMPBIO,C149,ELENG,64
163668,CMPBIO,C149,ELENG,66
163668,CMPBIO,C149,COMPSCI,61A
163668,CMPBIO,C149,BIOENG,11
163668,CMPBIO,C149,BIOLOGY,1A
163668,CMPBIO,C149,BIOENG,131
124472,ELENG,C145B,ELENG,64
124472,ELENG,C145B,ELENG,66
102127,BIOLOGY,1A,CHEM,1A
102127,BIOLOGY,1A,CHEM,4A
102127,BIOLOGY,1A,BIOLOGY,1AL
102127,BIOLOGY,1A,CHEM,3A
102127,BIOLOGY,1A,CHEM,12A
102127,BIOLOGY,1A,BIOLOGY,1B
102127,BIOLOGY,1A,BIOLOGY,1A
102129,BIOLOGY,1AL,CHEM,1A
102129,BIOLOGY,1AL,CHEM,4A
102129,BIOLOGY,1AL,BIOLOGY,1A
102129,BIOLOGY,1AL,CHEM,3A
102129,BIOLOGY,1AL,CHEM,12A
157125,BURMESE,100B,BURMESE,1A
157125,BURMESE,100B,BURMESE,1B
102853,CELTIC,145A,CELTIC,15
102853,CELTIC,145A,CELTIC,85
102908,CHEM,115,CHEM,12B
102908,CHEM,115,CHEM,3B
102908,CHEM,115,CHEM,3BL
102909,CHEM,120A,PHYSICS,7B
102909,CHEM,120A,PHYSICS,8B
102910,CHEM,120B,PHYSICS,7B
102910,CHEM,120B,PHYSICS,8B
102918,CHEM,135,BIOLOGY,1A
166742,CHEM,136,CHEM,12A
166742,CHEM,136,CHEM,3A
166742,CHEM,136,CHEM,3B
166742,CHEM,136,CHEM,135
102891,CHEM,1AL,CHEM,1A
103002,CHEM,3A,CHEM,1A
103003,CHEM,3AL,CHEM,1A
103003,CHEM,3AL,CHEM,1AL
103003,CHEM,3AL,CHEM,4A
103003,CHEM,3AL,CHEM,3A
103004,CHEM,3B,CHEM,3A
103005,CHEM,3BL,CHEM,3AL
103005,CHEM,3BL,CHEM,3B
124354,MCELLBI,C100A,CHEM,3A
124354,MCELLBI,C100A,CHEM,112A
124354,MCELLBI,C100A,MATH,51
124354,MCELLBI,C100A,BIOLOGY,1A
124354,MCELLBI,C100A,BIOLOGY,1AL
124354,MCELLBI,C100A,CHEM,3B
124354,MCELLBI,C100A,CHEM,112B
124342,MATSCI,C150,CHEM,104A
124342,MATSCI,C150,CHEM,104B
166746,PHYSICS,C191A,ELENG,66
166746,PHYSICS,C191A,PHYSICS,89
166746,PHYSICS,C191A,MATH,54
166746,PHYSICS,C191A,PHYSICS,137A
166746,PHYSICS,C191A,MATH,55
103169,CHINESE,100A,CHINESE,10
103169,CHINESE,100A,CHINESE,10B
103180,CHINESE,102,CHINESE,100B
103180,CHINESE,102,CHINESE,100XB
103162,CHINESE,10A,CHINESE,1
103162,CHINESE,10A,CHINESE,1B
103189,CHINESE,110A,CHINESE,10
103189,CHINESE,110A,CHINESE,10B
103189,CHINESE,110A,CHINESE,10X
103189,CHINESE,110A,CHINESE,10Y
103192,CHINESE,111,CHINESE,101
103192,CHINESE,111,CHINESE,102
103198,CHINESE,134,CHINESE,110B
103219,CHINESE,156,CHINESE,100A
103219,CHINESE,156,CHINESE,100XA
163293,CHINESE,4B,CHINESE,4A
103322,CHMENG,140,PHYSICS,7B
103423,CIVENG,100,PHYSICS,7A
103423,CIVENG,100,MATH,53
103423,CIVENG,100,ENGIN,7
103434,CIVENG,11,CHEM,1A
103434,CIVENG,11,MATH,51
158541,CIVENG,126,ENGIN,7
160653,CIVENG,170A,ENGIN,7
166029,CIVENG,187,DATA,C8
103515,CIVENG,193,CIVENG,93
103727,CIVENG,70,CHEM,1A
103732,CIVENG,93,ENGIN,7
103732,CIVENG,93,COMPSCI,C8
103732,CIVENG,93,INFO,C8
103732,CIVENG,93,STAT,C8
124482,CIVENG,C103N,CHEM,1A
124482,CIVENG,C103N,MATH,51
124482,CIVENG,C103N,MATH,52
124482,CIVENG,C103N,PHYSICS,7A
124408,MECENG,C85,PHYSICS,7A
162170,CMPBIO,C176,COMPSCI,70
162170,CMPBIO,C176,COMPSCI,170
162170,CMPBIO,C176,MATH,54
162170,CMPBIO,C176,ELENG,66
161508,COGSCI,132,COMPSCI,61A
161508,COGSCI,132,COGSCI,1
161508,COGSCI,132,COGSCI,1B
161508,COGSCI,132,MATH,51
161508,COGSCI,132,MATH,10A
161508,COGSCI,132,MATH,16A
161508,COGSCI,132,MATH,55
162516,COGSCI,146,COGSCI,1
162516,COGSCI,146,COGSCI,1B
162516,COGSCI,146,COGSCI,N1
123950,PSYCH,C127,PSYCH,110
123950,PSYCH,C127,PSYCH,C120
123950,PSYCH,C127,PSYCH,C127
124257,PSYCH,C123,COGSCI,1
124257,PSYCH,C123,COGSCI,1B
104274,COMPSCI,160,COMPSCI,61B
104274,COMPSCI,160,COMPSCI,61BL
104275,COMPSCI,161,COMPSCI,61B
104275,COMPSCI,161,COMPSCI,61C
104275,COMPSCI,161,COMPSCI,70
104276,COMPSCI,162,COMPSCI,61B
104276,COMPSCI,162,COMPSCI,61C
104276,COMPSCI,162,COMPSCI,70
104277,COMPSCI,164,COMPSCI,61B
104277,COMPSCI,164,COMPSCI,61C
104279,COMPSCI,168,COMPSCI,61B
104279,COMPSCI,168,COMPSCI,61C
159628,COMPSCI,169A,COMPSCI,C88C
159628,COMPSCI,169A,DATA,C88C
159628,COMPSCI,169A,COMPSCI,61A
159628,COMPSCI,169A,COMPSCI,47A
159628,COMPSCI,169A,COMPSCI,61B
159628,COMPSCI,169A,COMPSCI,61BL
159628,COMPSCI,169A,COMPSCI,47B
104281,COMPSCI,170,COMPSCI,61B
104281,COMPSCI,170,COMPSCI,70
158566,COMPSCI,171,COMPSCI,70
104282,COMPSCI,172,COMPSCI,170
163492,COMPSCI,180,COMPSCI,61B
163492,COMPSCI,180,MATH,53
163492,COMPSCI,180,MATH,54
163492,COMPSCI,180,MATH,56
163492,COMPSCI,180,MATH,110
163492,COMPSCI,180,ELENG,66
163492,COMPSCI,180,COMPSCI,C182
163492,COMPSCI,180,COMPSCI,189
104285,COMPSCI,184,COMPSCI,61B
104285,COMPSCI,184,MATH,54
104285,COMPSCI,184,MATH,110
104286,COMPSCI,186,COMPSCI,61C
104286,COMPSCI,186,COMPSCI,47C
104287,COMPSCI,188,COMPSCI,61A
104287,COMPSCI,188,COMPSCI,61B
104287,COMPSCI,188,COMPSCI,70
104288,COMPSCI,189,MATH,53
104288,COMPSCI,189,MATH,54
104288,COMPSCI,189,COMPSCI,70
155319,COMPSCI,36,COMPSCI,61A
104413,COMPSCI,47A,COMPSCI,61B
104413,COMPSCI,47A,COMPSCI,9D
104414,COMPSCI,47B,COMPSCI,9G
104415,COMPSCI,47C,COMPSCI,9C
104424,COMPSCI,61A,MATH,1A
104424,COMPSCI,61A,MATH,10A
104424,COMPSCI,61A,MATH,16A
104426,COMPSCI,61B,COMPSCI,61A
104426,COMPSCI,61B,COMPSCI,88
104426,COMPSCI,61B,ENGIN,7
148047,DATA,C100,DATA,C8
148047,DATA,C100,STAT,20
148047,DATA,C100,COMPSCI,61A
148047,DATA,C100,DATA,C88C
148047,DATA,C100,ENGIN,7
148047,DATA,C100,MATH,54
148047,DATA,C100,MATH,56
148047,DATA,C100,MATH,110
148047,DATA,C100,ELENG,66
148047,DATA,C100,PHYSICS,89
148047,DATA,C100,DATA,C100
157126,DATA,C182,MATH,53
157126,DATA,C182,MATH,54
157126,DATA,C182,COMPSCI,61B
157126,DATA,C182,COMPSCI,70
157126,DATA,C182,STAT,134
157126,DATA,C182,COMPSCI,189
161885,DATA,C101,COMPSCI,61B
161885,DATA,C101,INFO,206B
161885,DATA,C101,COMPSCI,C100
161885,DATA,C101,DATA,C100
161885,DATA,C101,STAT,C100
161885,DATA,C101,COMPSCI,189
161885,DATA,C101,INFO,251
161885,DATA,C101,DATA,144
166715,DATA,C146,DATA,C100
166715,DATA,C146,DATA,C140
158608,DATA,144,STAT,C100
158608,DATA,144,DATA,144
166752,DATA,145,MATH,53
166752,DATA,145,DATA,C100
166752,DATA,145,DATA,C140
166752,DATA,145,EECS,126
158609,DATA,88,DATA,8
158609,DATA,88,INFO,C8
161103,DATA,88E,DATA,C8
167816,DATA,89,MATH,51
167816,DATA,89,MATH,1A
167816,DATA,89,MATH,16A
167816,DATA,89,MATH,10A
167816,DATA,89,DATA,C8
167816,DATA,89,STAT,20
167816,DATA,89,COMPSCI,61A
167816,DATA,89,DATA,C88C
158326,DATA,C102,MATH,54
158326,DATA,C102,MATH,56
158326,DATA,C102,MATH,110
158326,DATA,C102,STAT,89A
158326,DATA,C102,PHYSICS,89
158326,DATA,C102,ELENG,64
158326,DATA,C102,ELENG,66
158326,DATA,C102,COMPSCI,C100
158326,DATA,C102,EECS,126
158326,DATA,C102,STAT,C140
158326,DATA,C102,STAT,134
158326,DATA,C102,INDENG,172
158326,DATA,C102,MATH,106
122018,DATA,C131A,STAT,C8
122018,DATA,C131A,STAT,20
122018,DATA,C131A,MATH,1A
122018,DATA,C131A,MATH,51
122018,DATA,C131A,MATH,16A
122018,DATA,C131A,MATH,10A
122018,DATA,C131A,MATH,10B
122018,DATA,C131A,STAT,33A
122018,DATA,C131A,STAT,133
148015,DATA,C140,STAT,C8
148015,DATA,C140,STAT,20
148015,DATA,C140,COMPSCI,61A
148015,DATA,C140,DATA,C88C
148015,DATA,C140,MATH,1A
148015,DATA,C140,MATH,1B
148015,DATA,C140,MATH,51
148015,DATA,C140,MATH,52
148015,DATA,C140,MATH,54
148015,DATA,C140,MATH,56
148015,DATA,C140,ELENG,64
148015,DATA,C140,MATH,110
148015,DATA,C140,STAT,C140
125442,STAT,C88S,MATH,16A
125442,STAT,C88S,MATH,10A
125442,STAT,C88S,MATH,1A
125442,STAT,C88S,MATH,51
125442,STAT,C88S,COMPSCI,C8
125442,STAT,C88S,DATA,C8
125442,STAT,C88S,INFO,C8
125442,STAT,C88S,STAT,C8
105169,ECON,100A,ECON,1
105169,ECON,100A,ECON,2
105169,ECON,100A,ECON,C3
105169,ECON,100A,ECON,16A
105169,ECON,100A,ECON,16B
105170,ECON,100B,ECON,1
105170,ECON,100B,ECON,2
105170,ECON,100B,ECON,16A
105171,ECON,101A,ECON,1
105171,ECON,101A,ECON,2
105172,ECON,101B,ECON,1
105172,ECON,101B,ECON,2
105172,ECON,101B,ECON,52
105179,ECON,109,ECON,1
105179,ECON,109,ECON,2
105179,ECON,109,MATH,51
105179,ECON,109,MATH,52
161422,ECON,130,ECON,1
161422,ECON,130,ECON,2
105195,ECON,134,ECON,100B
105195,ECON,134,ECON,101B
105195,ECON,134,ECON,140
105195,ECON,134,ECON,141
105195,ECON,134,IAS,C118
158556,ECON,135,ECON,100B
158556,ECON,135,ECON,101B
158556,ECON,135,ECON,16A
158556,ECON,135,ECON,16B
148038,ECON,139,ECON,100A
148038,ECON,139,ECON,101A
148038,ECON,139,MATH,54
105199,ECON,140,ECON,1
105199,ECON,140,ECON,2
105199,ECON,140,ECON,21
105199,ECON,140,ECON,88
105199,ECON,140,ECON,131A
105199,ECON,140,ECON,135
105200,ECON,141,ECON,1
105200,ECON,141,ECON,2
105200,ECON,141,ECON,21
105200,ECON,141,ECON,88
105200,ECON,141,ECON,131A
105200,ECON,141,ECON,135
105200,ECON,141,MATH,53
105200,ECON,141,MATH,54
125369,ECON,155A,ECON,100A
125369,ECON,155A,ECON,101A
125369,ECON,155A,ECON,140
125369,ECON,155A,ECON,141
163285,ECON,165,ECON,100B
163285,ECON,165,ECON,101B
163285,ECON,165,ECON,140
163285,ECON,165,ECON,141
163285,ECON,165,IAS,C118
105215,ECON,174,ECON,100A
105215,ECON,174,ECON,101A
105215,ECON,174,ECON,100B
105215,ECON,174,ECON,101B
105215,ECON,174,ECON,140
105215,ECON,174,ECON,141
105215,ECON,174,IAS,C118
124277,ENVECON,C102,ECON,100A
124277,ENVECON,C102,ECON,100B
124209,MATH,C103,MATH,53
124209,MATH,C103,MATH,54
124287,ENVECON,C101,ECON,100A
124287,ENVECON,C101,ECON,101A
123919,ENVECON,C151,ENVECON,100
123919,ENVECON,C151,ECON,100A
123919,ENVECON,C151,ECON,101A
123919,ENVECON,C151,ECON,140
123919,ENVECON,C151,ECON,141
123919,ENVECON,C151,IAS,C118
124120,ECON,C181,ECON,100A
124120,ECON,C181,ECON,100B
124120,ECON,C181,ECON,101A
124120,ECON,C181,ECON,101B
159970,ECON,C184,ENVECON,100
159970,ECON,C184,ECON,101A
159970,ECON,C184,ECON,100A
164431,ENVECON,C188,ENVECON,100
164431,ENVECON,C188,ECON,100
164431,ENVECON,C188,ECON,101A
164431,ENVECON,C188,ECON,140
164431,ENVECON,C188,ECON,141
164431,ENVECON,C188,ECON,16B
161115,EDSTEM,187,EDUC,131AC
122662,EDUC,C122,UGIS,82
154785,EDUC,144,EDUC,W144
154316,EECS,126,COMPSCI,70
106302,EECS,127,ELENG,66
106302,EECS,127,ELENG,64
106318,EECS,144,ELENG,66
106318,EECS,144,ELENG,64
124542,EECS,149,COMPSCI,61C
124542,EECS,149,COMPSCI,70
124542,EECS,149,ELENG,66
124542,EECS,149,ELENG,64
124536,EECS,151,ELENG,66
124536,EECS,151,ELENG,64
124537,EECS,151LA,COMPSCI,61C
124537,EECS,151LA,ELENG,66
124537,EECS,151LA,ELENG,64
124538,EECS,151LB,ELENG,66
124538,EECS,151LB,ELENG,64
124538,EECS,151LB,COMPSCI,61C
124538,EECS,151LB,ELENG,105
166714,EECS,183,COMPSCI,C182
166714,EECS,183,COMPSCI,188
166714,EECS,183,COMPSCI,189
154534,EECS,47F,COMPSCI,61A
154784,BIOENG,C106A,ELENG,64
154784,BIOENG,C106A,ELENG,66
154784,BIOENG,C106A,MATH,54
154784,BIOENG,C106A,COMPSCI,61A
154784,BIOENG,C106A,COMPSCI,61B
124545,EECS,C128,ELENG,66
124545,EECS,C128,MATH,110
124545,EECS,C128,ELENG,120
106282,ELENG,105,ELENG,66
106282,ELENG,105,ELENG,64
106286,ELENG,113,ELENG,108
106292,ELENG,118,MATH,53
106292,ELENG,118,ELENG,64
106292,ELENG,118,ELENG,66
106292,ELENG,118,MATH,54
106294,ELENG,120,ELENG,66
106294,ELENG,120,ELENG,64
106296,ELENG,121,ELENG,64
106296,ELENG,121,ELENG,66
106296,ELENG,121,COMPSCI,70
106306,ELENG,130,ELENG,64
106306,ELENG,130,ELENG,66
106312,ELENG,137A,ELENG,108
106316,ELENG,142,ELENG,64
106316,ELENG,142,ELENG,66
106317,ELENG,143,PHYSICS,7B
106325,ELENG,147,ELENG,64
106325,ELENG,147,ELENG,66
106328,ELENG,64,MATH,54
106327,ELENG,66,MATH,54
161488,ENGIN,178,ENGIN,7
161488,ENGIN,178,MATH,51
161488,ENGIN,178,MATH,53
161488,ENGIN,178,MATH,54
160358,ENGIN,29,ENGIN,26
154545,ENGIN,40,PHYSICS,7B
154545,ENGIN,40,MATH,54
154545,ENGIN,40,CHEM,1B
106696,ENGIN,7,MATH,52
161134,ENGLISH,100,ENGLISH,90
161134,ENGLISH,100,ENGLISH,100
106967,ENGLISH,H195A,ENGLISH,100
106967,ENGLISH,H195A,ENGLISH,H195A
147915,ENVDES,104,ENVDES,110
107181,ENVECON,100,ECON,1
107181,ENVECON,100,ECON,C3
107181,ENVECON,100,ECON,16B
107181,ENVECON,100,MATH,1A
107181,ENVECON,100,MATH,1B
107189,ENVECON,143,ENVECON,100
107189,ENVECON,143,ECON,100A
107189,ENVECON,143,ECON,101A
107190,ENVECON,145,ECON,100
107190,ENVECON,145,ECON,101A
107192,ENVECON,152,ECON,100A
107193,ENVECON,153,ENVECON,100
107193,ENVECON,153,ECON,100A
107193,ENVECON,153,ECON,101A
107193,ENVECON,153,STAT,C8
107193,ENVECON,153,INFO,C8
107193,ENVECON,153,COMPSCI,C8
107193,ENVECON,153,MATH,54
107195,ENVECON,161,ECON,100A
107195,ENVECON,161,ECON,101A
107195,ENVECON,161,ECON,101
124034,IAS,C175,ECON,1
107262,EPS,108,PHYSICS,7A
107262,EPS,108,PHYSICS,54
107263,EPS,109,MATH,1A
107271,EPS,122,PHYSICS,7A
107271,EPS,122,PHYSICS,54
124461,GEOG,C139,PHYSICS,7A
124461,GEOG,C139,PHYSICS,7B
124461,GEOG,C139,PHYSICS,7C
107391,ESPM,102D,ESPM,60
107391,ESPM,102D,ENVECON,C1
107400,ESPM,108B,BIOLOGY,1A
107400,ESPM,108B,BIOLOGY,1B
107409,ESPM,115B,BIOLOGY,1A
107432,ESPM,132,BIOLOGY,1A
107432,ESPM,132,BIOLOGY,1B
154525,ESPM,157,COMPSCI,C8
154525,ESPM,157,INFO,C8
154525,ESPM,157,STAT,C8
107478,ESPM,174,ESPM,173
107478,ESPM,174,STAT,135
107493,ESPM,182,ESPM,185
107493,ESPM,182,ESPM,182
107496,ESPM,185,ESPM,102A
123780,INTEGBI,C156,BIOLOGY,1A
123780,INTEGBI,C156,BIOLOGY,1B
124453,INTEGBI,C144,BIOLOGY,1A
124453,INTEGBI,C144,BIOLOGY,1B
124453,INTEGBI,C144,BIOLOGY,140
124453,INTEGBI,C144,BIOLOGY,C160
125728,ESPM,C179A,CHEM,3AL
161517,ETHSTD,C199C,SOCIOL,116AC
108046,FILM,185,FILM,85
108289,FRENCH,121B,FRENCH,102
108926,GERMAN,1,GERMAN,1
108937,GERMAN,102B,GERMAN,4
109296,GREEK,121,GREEK,100
109296,GREEK,121,GREEK,102
109296,GREEK,121,GREEK,105
109451,HEBREW,20A,HEBREW,1A
109451,HEBREW,20A,HEBREW,1B
109471,HINDI,100A,HINDI,1A
109471,HINDI,100A,HINDI,1B
109741,HISTART,R1B,ENGLISH,1A
110567,INDENG,130,MATH,54
110567,INDENG,130,STAT,134
161612,INDENG,145,INDENG,162
161612,INDENG,145,INDENG,169
161612,INDENG,145,INDENG,173
161612,INDENG,145,INDENG,172
110570,INDENG,150,ENGIN,120
110575,INDENG,162,MATH,53
110575,INDENG,162,MATH,54
110582,INDENG,172,MATH,51
110582,INDENG,172,MATH,52
110582,INDENG,172,MATH,53
161979,INFO,153A,COMPSCI,61A
110935,INTEGBI,103LF,BIOLOGY,1A
110935,INTEGBI,103LF,BIOLOGY,1B
157548,INTEGBI,108,BIOLOGY,1B
110957,INTEGBI,118,BIOLOGY,1A
110957,INTEGBI,118,BIOLOGY,1B
166122,INTEGBI,123,BIOLOGY,1A
166122,INTEGBI,123,CHEM,3B
166122,INTEGBI,123,INTEGBI,132
166122,INTEGBI,123,MCELLBI,136
110979,INTEGBI,131,BIOLOGY,1A
110979,INTEGBI,131,BIOLOGY,1B
110979,INTEGBI,131,CHEM,1A
110981,INTEGBI,131L,BIOLOGY,1A
110981,INTEGBI,131L,BIOLOGY,1B
110981,INTEGBI,131L,BIOLOGY,131
159827,INTEGBI,134L,BIOLOGY,1A
159827,INTEGBI,134L,BIOLOGY,1B
110990,INTEGBI,136,BIOLOGY,1B
111007,INTEGBI,148,BIOLOGY,1A
111007,INTEGBI,148,BIOLOGY,1B
111030,INTEGBI,157LF,BIOLOGY,1B
111031,INTEGBI,159,BIOLOGY,1B
111033,INTEGBI,160,BIOLOGY,1B
111037,INTEGBI,164L,BIOLOGY,1A
111037,INTEGBI,164L,BIOLOGY,1B
161757,INTEGBI,178,BIOLOGY,1B
111066,INTEGBI,184L,BIOLOGY,1B
155322,INTEGBI,95B,BIOLOGY,1B
124410,PLANTBI,C110L,BIOLOGY,1B
166255,NEU,C166,BIOLOGY,1A
123681,PSYCH,C113,BIOLOGY,132
123681,PSYCH,C113,BIOLOGY,138
123681,PSYCH,C113,BIOLOGY,140
123681,PSYCH,C113,BIOLOGY,148
123681,PSYCH,C113,BIOLOGY,160
125782,ITALIAN,101,ITALIAN,4
111342,ITALIAN,102,ITALIAN,4
111389,ITALIAN,2,ITALIAN,1
111520,JAPAN,100A,JAPAN,10
111520,JAPAN,100A,JAPAN,10B
111529,JAPAN,103,JAPAN,100
111529,JAPAN,103,JAPAN,100B
111529,JAPAN,103,JAPAN,100X
111512,JAPAN,10A,JAPAN,1
111512,JAPAN,10A,JAPAN,1B
111534,JAPAN,120,JAPAN,10
111534,JAPAN,120,JAPAN,10B
111556,JAPAN,155,JAPAN,100A
111508,JAPAN,1B,JAPAN,1A
111839,KOREAN,100A,KOREAN,10
111839,KOREAN,100A,KOREAN,10B
111840,KOREAN,100AX,KOREAN,10BX
111843,KOREAN,101,KOREAN,100B
111843,KOREAN,101,KOREAN,100BX
157566,KOREAN,105,KOREAN,100B
157566,KOREAN,105,KOREAN,100BX
111835,KOREAN,10A,KOREAN,1
111835,KOREAN,10A,KOREAN,1B
111845,KOREAN,111,KOREAN,101
111845,KOREAN,111,KOREAN,102
168266,KOREAN,120,KOREAN,10B
168266,KOREAN,120,KOREAN,10BX
111832,KOREAN,1B,KOREAN,1A
167900,KOREAN,5,KOREAN,1A
167900,KOREAN,5,KOREAN,1AX
167900,KOREAN,5,KOREAN,10A
167900,KOREAN,5,KOREAN,10AX
113540,LDARCH,101,LDARCH,1
113542,LDARCH,103,LDARCH,102
113959,LINGUIS,120,LINGUIS,100
114518,MATH,115,MATH,55
156293,MATH,124,MATH,53
156293,MATH,124,MATH,54
156293,MATH,124,MATH,55
114527,MATH,125A,MATH,104
114527,MATH,125A,MATH,113
114535,MATH,135,MATH,104
114535,MATH,135,MATH,113
114536,MATH,136,MATH,104
114536,MATH,136,MATH,113
163246,MATH,156,MATH,53
163246,MATH,156,MATH,54
163246,MATH,156,MATH,56
163246,MATH,156,MATH,91
114500,MATH,52,MATH,51
162988,MATH,56,MATH,52
162988,MATH,56,MATH,1B
162988,MATH,56,MATH,N1B
162988,MATH,56,MATH,10B
162988,MATH,56,MATH,N10B
114797,MATSCI,123,PHYSICS,7C
164847,MATSCI,131,ENGIN,29
164847,MATSCI,131,PHYSICS,7A
164847,MATSCI,131,ENGIN,26
161632,MATSCI,159,ENGIN,40
161632,MATSCI,159,PHYSICS,5C
161632,MATSCI,159,CHEM,120B
116892,MBN,103,MCELLBI,102
116892,MBN,103,MCELLBI,32
116897,MBN,108A,BIOLOGY,102
116914,MBN,170,MBN,103
116916,MBN,190,MBN,103
115079,MCELLBI,102,BIOLOGY,1A
115079,MCELLBI,102,CHEM,3B
115081,MCELLBI,104,BIOLOGY,1A
162779,MCELLBI,120,MCELLBI,104
162779,MCELLBI,120,MCELLBI,C100A
162779,MCELLBI,120,CHEM,C130
162779,MCELLBI,120,MCELLBI,102
163301,MCELLBI,120L,MCELLBI,C100A
163301,MCELLBI,120L,MCELLBI,102
115114,MCELLBI,132,BIOLOGY,1A
115114,MCELLBI,132,BIOLOGY,1AL
115114,MCELLBI,132,BIOLOGY,1B
115114,MCELLBI,132,MCELLBI,102
115114,MCELLBI,132,MCELLBI,110
115114,MCELLBI,132,MCELLBI,104
115116,MCELLBI,133L,BIOLOGY,1A
115119,MCELLBI,135A,BIOLOGY,1A
115119,MCELLBI,135A,MCELLBI,102
115119,MCELLBI,135A,MCELLBI,C110A
115119,MCELLBI,135A,CHEM,C130
115130,MCELLBI,136,BIOLOGY,1A
115130,MCELLBI,136,BIOLOGY,1AL
115130,MCELLBI,136,BIOLOGY,1B
115130,MCELLBI,136,PHYSICS,8A
115130,MCELLBI,136,PHYSICS,8B
115135,MCELLBI,140,BIOLOGY,1A
115135,MCELLBI,140,BIOLOGY,1AL
115137,MCELLBI,141,BIOLOGY,1A
115137,MCELLBI,141,BIOLOGY,1AL
115137,MCELLBI,141,BIOLOGY,1B
115137,MCELLBI,141,BIOLOGY,110
115137,MCELLBI,141,BIOLOGY,130
115139,MCELLBI,143,BIOLOGY,1A
115139,MCELLBI,143,BIOLOGY,1B
115139,MCELLBI,143,BIOLOGY,C100A
115139,MCELLBI,143,BIOLOGY,102
115139,MCELLBI,143,BIOLOGY,104
115139,MCELLBI,143,BIOLOGY,140
115140,MCELLBI,149,MCELLBI,110
115140,MCELLBI,149,MCELLBI,140
115140,MCELLBI,149,MCELLBI,104
115143,MCELLBI,150L,BIOLOGY,150
161350,MCELLBI,153,BIOLOGY,1A
161350,MCELLBI,153,MCELLBI,102
161350,MCELLBI,153,MCELLBI,C100A
161350,MCELLBI,153,CHEM,135
165038,MCELLBI,153L,MCELLBI,102
165038,MCELLBI,153L,MCELLBI,C100A
165038,MCELLBI,153L,CHEM,C130
115156,MCELLBI,180,BIOLOGY,1A
115156,MCELLBI,180,BIOLOGY,1AL
115157,MCELLBI,180C,BIOLOGY,132
115157,MCELLBI,180C,BIOLOGY,32L
115157,MCELLBI,180C,BIOLOGY,132L
166667,MCELLBI,186A,BIOLOGY,1A
166667,MCELLBI,186A,BIOLOGY,1AL
166667,MCELLBI,186A,MCELLBI,186B
115429,MCELLBI,50,BIOLOGY,1A
115429,MCELLBI,50,BIOLOGY,1AL
124445,PLANTBI,C112,BIOLOGY,1A
124406,PLANTBI,C112L,MCELLBI,C112
124406,PLANTBI,C112L,PBHLTH,162A
123822,MCELLBI,C146,BIOLOGY,1A
123822,MCELLBI,C146,BIOLOGY,1B
123822,MCELLBI,C146,DATA,C8
166641,MDGRK,100A,GREEK,1B
157821,MECENG,100,ENGIN,7
157821,MECENG,100,COMPSCI,10
157821,MECENG,100,COMPSCI,61A
157821,MECENG,100,COMPSCI,C8
157821,MECENG,100,MATH,51
157821,MECENG,100,PHYSICS,7A
115489,MECENG,102B,ENGIN,26
115489,MECENG,102B,ENGIN,29
115489,MECENG,102B,ELENG,66
115490,MECENG,104,ENGIN,7
115490,MECENG,104,COMPSCI,61A
115501,MECENG,119,PHYSICS,7B
115508,MECENG,132,MATH,53
115508,MECENG,132,MATH,54
115508,MECENG,132,PHYSICS,7A
115508,MECENG,132,PHYSICS,7B
161950,MECENG,136HL,MECENG,136
115535,MECENG,185,PHYSICS,7A
115535,MECENG,185,MATH,53
115535,MECENG,185,MATH,54
115699,MECENG,40,CHEM,1A
115699,MECENG,40,ENGIN,7
115699,MECENG,40,MATH,52
115699,MECENG,40,PHYSICS,7B
125415,BIOENG,C137,PHYSICS,7A
125415,BIOENG,C137,MATH,1A
125415,BIOENG,C137,MATH,1B
116050,MUSIC,107,MUSIC,158A
116065,MUSIC,128,MUSIC,27
116065,MUSIC,128,MUSIC,70
162638,MUSIC,150,MUSIC,52A
162638,MUSIC,150,MUSIC,90
125588,MUSIC,151A,MUSIC,25
125589,MUSIC,151B,MUSIC,53A
125584,MUSIC,151C,MUSIC,53B
116144,MUSIC,154A,MUSIC,25
116144,MUSIC,154A,MUSIC,151A
116154,MUSIC,158A,MUSIC,20A
116154,MUSIC,158A,MUSIC,25A
116154,MUSIC,158A,MUSIC,29
116158,MUSIC,161A,MUSIC,51
116158,MUSIC,161A,MUSIC,61
116158,MUSIC,161A,MUSIC,152
116158,MUSIC,161A,MUSIC,156
116165,MUSIC,165,MUSIC,116A
116165,MUSIC,165,MUSIC,116B
116165,MUSIC,165,MUSIC,164
116133,MUSIC,168A,MUSIC,141
116140,MUSIC,168H,MUSIC,149
125729,MUSIC,170,MUSIC,53B
125729,MUSIC,170,MUSIC,70
125730,MUSIC,170A,MUSIC,53B
125730,MUSIC,170A,MUSIC,70
161351,MUSIC,172,MUSIC,52B
164402,NEU,100A,BIOLOGY,1A
164402,NEU,100A,BIOLOGY,1AL
164402,NEU,100A,PHYSICS,8A
164402,NEU,100A,PHYSICS,8B
115148,NEU,100B,NEU,100A
115148,NEU,100B,MCELLBI,160
164855,NEU,110,BIOLOGY,1A
164855,NEU,110,BIOLOGY,1AL
166073,NEU,123,NEU,C61
166073,NEU,123,PSYCH,C61
166073,NEU,123,NEU,C62
166073,NEU,123,PSYCH,110
165057,NEU,128,NEU,100A
166060,NEU,151,NEU,100A
166060,NEU,151,NEU,100B
166057,NEU,163,BIOLOGY,1A
166057,NEU,163,NEU,100A
166057,NEU,163,NEU,100B
166057,NEU,163,PSYCH,110
166057,NEU,163,INTEGBI,132
166434,NEU,163C,BIOLOGY,1A
166434,NEU,163C,NEU,100A
166434,NEU,163C,NEU,100B
166434,NEU,163C,PSYCH,110
166434,NEU,163C,INTEGBI,132
164433,NEU,164,NEU,100A
164404,NEU,171L,BIOLOGY,1A
164404,NEU,171L,BIOLOGY,1AL
164404,NEU,171L,PHYSICS,8A
164404,NEU,171L,PHYSICS,8B
164404,NEU,171L,NEU,100A
164844,NEU,172L,NEU,100A
164844,NEU,172L,NEU,100B
164844,NEU,172L,DATA,C8
116790,NUCENG,100,PHYSICS,7A
116790,NUCENG,100,PHYSICS,7B
116790,NUCENG,100,MATH,53
116791,NUCENG,101,PHYSICS,7C
116799,NUCENG,120,ENGIN,40
116807,NUCENG,161,ENGIN,40
116809,NUCENG,167,ENGIN,120
116814,NUCENG,C180,PHYSICS,7C
116814,NUCENG,C180,PHYSICS,5C
117899,PERSIAN,100A,PERSIAN,20A
117899,PERSIAN,100A,PERSIAN,20B
117896,PERSIAN,1A,PERSIAN,1B
117935,PERSIAN,20A,PERSIAN,1A
117935,PERSIAN,20A,PERSIAN,1B
117935,PERSIAN,20A,PERSIAN,11A
117935,PERSIAN,20A,PERSIAN,11B
118357,PHYSICS,105,PHYSICS,5A
118357,PHYSICS,105,PHYSICS,5B
118357,PHYSICS,105,PHYSICS,5C
118357,PHYSICS,105,PHYSICS,7A
118357,PHYSICS,105,PHYSICS,7B
118357,PHYSICS,105,PHYSICS,7C
118359,PHYSICS,110A,PHYSICS,5A
118359,PHYSICS,110A,PHYSICS,5B
118359,PHYSICS,110A,PHYSICS,5C
118359,PHYSICS,110A,PHYSICS,7A
118359,PHYSICS,110A,PHYSICS,7B
118359,PHYSICS,110A,PHYSICS,7C
118363,PHYSICS,111B,PHYSICS,111A
118363,PHYSICS,111B,PHYSICS,137A
118364,PHYSICS,112,PHYSICS,5A
118364,PHYSICS,112,PHYSICS,5B
118364,PHYSICS,112,PHYSICS,5C
118364,PHYSICS,112,PHYSICS,7A
118364,PHYSICS,112,PHYSICS,7B
118364,PHYSICS,112,PHYSICS,7C
118373,PHYSICS,137A,PHYSICS,5A
118373,PHYSICS,137A,PHYSICS,5B
118373,PHYSICS,137A,PHYSICS,5C
118373,PHYSICS,137A,PHYSICS,7A
118373,PHYSICS,137A,PHYSICS,7B
118373,PHYSICS,137A,PHYSICS,7C
118374,PHYSICS,137B,PHYSICS,7A
118374,PHYSICS,137B,PHYSICS,7B
118374,PHYSICS,137B,PHYSICS,7C
118374,PHYSICS,137B,PHYSICS,137A
125429,PHYSICS,5A,MATH,51
125429,PHYSICS,5A,MATH,52
125430,PHYSICS,5B,PHYSICS,5A
125430,PHYSICS,5B,PHYSICS,7A
125430,PHYSICS,5B,MATH,53
125431,PHYSICS,5BL,PHYSICS,5A
125431,PHYSICS,5BL,PHYSICS,7A
125431,PHYSICS,5BL,PHYSICS,5B
125431,PHYSICS,5BL,PHYSICS,7B
125432,PHYSICS,5C,PHYSICS,5B
125432,PHYSICS,5C,PHYSICS,7B
125432,PHYSICS,5C,PHYSICS,89
125432,PHYSICS,5C,MATH,54
125432,PHYSICS,5C,MATH,7B
125433,PHYSICS,5CL,PHYSICS,5B
125433,PHYSICS,5CL,PHYSICS,5BL
125433,PHYSICS,5CL,PHYSICS,7B
125433,PHYSICS,5CL,PHYSICS,5C
125433,PHYSICS,5CL,PHYSICS,7C
118494,PHYSICS,77,MATH,51
118494,PHYSICS,77,PHYSICS,5A
118494,PHYSICS,77,PHYSICS,7A
118491,PHYSICS,7A,MATH,51
118491,PHYSICS,7A,MATH,52
118492,PHYSICS,7B,MATH,51
118492,PHYSICS,7B,MATH,52
118492,PHYSICS,7B,MATH,53
118493,PHYSICS,7C,MATH,51
118493,PHYSICS,7C,MATH,52
118493,PHYSICS,7C,MATH,53
118493,PHYSICS,7C,MATH,54
118493,PHYSICS,7C,PHYSICS,89
118493,PHYSICS,7C,PHYSICS,7A
118493,PHYSICS,7C,PHYSICS,7B
156204,PHYSICS,88,MATH,51
156204,PHYSICS,88,MATH,52
156204,PHYSICS,88,PHYSICS,5A
156204,PHYSICS,88,PHYSICS,7A
118499,PHYSICS,89,MATH,53
118499,PHYSICS,89,PHYSICS,5A
118499,PHYSICS,89,PHYSICS,7A
118618,PLANTBI,135,BIOLOGY,1A
118618,PLANTBI,135,BIOLOGY,1B
124036,PLANTBI,C103,BIOLOGY,1A
124036,PLANTBI,C103,CHEM,3B
118835,POLECON,101,POLECON,100
154681,POLECON,107,ECON,1
164846,POLSCI,132C,DATA,8
161325,POLSCI,88,DATA,8
119569,PSYCH,101,PSYCH,1
119570,PSYCH,102,PSYCH,101
158235,PSYCH,115,PSYCH,C127
119608,PSYCH,125,PSYCH,110
119608,PSYCH,125,PSYCH,117
119608,PSYCH,125,COGSCI,C127
119627,PSYCH,130,PSYCH,1
119627,PSYCH,130,PSYCH,2
119628,PSYCH,131,PSYCH,130
119632,PSYCH,134,PSYCH,1
119632,PSYCH,134,PSYCH,2
119632,PSYCH,134,PSYCH,C19
119639,PSYCH,140,PSYCH,1
119659,PSYCH,150,PSYCH,1
119659,PSYCH,150,PSYCH,101
119669,PSYCH,160,PSYCH,1
120392,RUSSIAN,103A,RUSSIAN,4
120401,RUSSIAN,2,RUSSIAN,1
120405,RUSSIAN,3,RUSSIAN,2
120703,SCANDIN,100A,DANISH,1B
120703,SCANDIN,100A,FINNISH,1B
120703,SCANDIN,100A,SWEDISH,1B
120969,SLAVIC,171,BOSCRSR,117B
162643,SOCIOL,119L,SOCIOL,1
162643,SOCIOL,119L,SOCIOL,3AC
156078,SOCIOL,149,SOCIOL,1
156078,SOCIOL,149,SOCIOL,3
156078,SOCIOL,149,SOCIOL,3AC
156078,SOCIOL,149,SOCIOL,140
161283,SOCIOL,149P,SOCIOL,1
161283,SOCIOL,149P,SOCIOL,3
161283,SOCIOL,149P,SOCIOL,3AC
121700,SPANISH,100,SPANISH,4
121705,SPANISH,104A,SPANISH,25
121708,SPANISH,107B,SPANISH,25
121734,SPANISH,135,SPANISH,25
121747,SPANISH,161,SPANISH,100
121749,SPANISH,163,SPANISH,100
121759,SPANISH,179,SPANISH,100
121803,SPANISH,25,SPANISH,4
122024,STAT,135,STAT,134
122024,STAT,135,STAT,140
122024,STAT,135,MATH,54
122024,STAT,135,STAT,89A
122024,STAT,135,MATH,110
122024,STAT,135,STAT,133
122026,STAT,151A,STAT,135
122026,STAT,151A,STAT,133
122030,STAT,154,STAT,C140
122030,STAT,154,COMPSCI,C100
122042,STAT,20,MATH,1A
122042,STAT,20,MATH,16A
122042,STAT,20,MATH,10A
122042,STAT,20,MATH,10B
122042,STAT,20,MATH,51
122228,THEATER,109,THEATER,10
122230,THEATER,110A,THEATER,10
122230,THEATER,110A,THEATER,109
122232,THEATER,111,THEATER,10
122232,THEATER,111,THEATER,109
122232,THEATER,111,THEATER,110A
122232,THEATER,111,THEATER,110B
122266,THEATER,146A,THEATER,144
122266,THEATER,146A,THEATER,148
122286,THEATER,168,THEATER,60
122286,THEATER,168,THEATER,168
122290,THEATER,172,THEATER,60
122482,UGBA,101A,ECON,1
122482,UGBA,101A,ECON,51
122482,UGBA,101A,ECON,16A
122483,UGBA,101B,ECON,1
122483,UGBA,101B,ECON,16A
122500,UGBA,120AB,UGBA,102A
122500,UGBA,120AB,UGBA,120AA
122541,UGBA,180,ECON,1
122541,UGBA,180,ECON,1A
158405,UGBA,88,MATH,16A
158405,UGBA,88,MATH,51
161888,UKRAINI,100,UKRAINI,1B
109478,URDU,100A,URDU,1A
109478,URDU,100A,URDU,1B
109478,URDU,100A,URDU,2B
122976,XHISTAR,R1B,ENGLISH,1A
122976,XHISTAR,R1B,ENGLISH,5
122976,XHISTAR,R1B,ENGLISH,6
122976,XHISTAR,R1B,ENGLISH,7
157148,XMATH,10A,MATH,98
157148,XMATH,10A,MATH,10A
122984,XMATH,51,MATH,32
122985,XMATH,52,MATH,1B
122985,XMATH,52,MATH,N1B
