course,requirement_group,option_id,prerequisite
AEROENG 10,1,1,MATH 51
AEROENG 10,2,1,PHYSICS 7A
AEROENG 10,3,1,MATH 52
AEROENG 10,4,1,MATH 53
AEROENG 10,5,1,COMPSCI 61A
AEROENG 10,5,2,ENGIN 7
AEROENG 100,1,1,MECENG 103
AEROENG 100,2,1,MECENG 104
AEROENG 100,3,1,MECENG 132
AEROENG 100,4,1,MECENG 106
AEROENG C124,1,1,ENGIN 40
MECENG C162,1,1,MATH 52
MECENG C162,2,1,PHYSICS 7A
ANTHRO 106,1,1,BIOLOGY 32
ANTHRO 127A,1,1,BIOLOGY 1B
ANTHRO 150,1,1,ANTHRO 3
ARABIC 100A,1,1,ARABIC 20B
ARABIC 100A,1,2,ARABIC 30
ARABIC 104A,1,1,ARABIC 20B
ARABIC 104A,1,2,ARABIC 30
ARABIC 1A,1,1,ARABIC 1B
ARABIC 1B,1,1,ARABIC 1A
ARABIC 20A,1,1,ARABIC 10
ARABIC 20A,1,2,ARABIC 1B
ARCH 100A,1,1,ARCH 11A
ARCH 100A,1,2,ARCH 11B
ARCH 100C,1,1,ARCH 100B
ARCH 150,1,1,PHYSICS 8A
ART 102,1,1,ART 13
ART 102,1,2,ART 8
ART 103,1,1,ART 13
ART 116,1,1,ART 12
ART 116,1,2,ART 8
ART 118,1,1,ART 12
ART 132,1,1,ART 15
ART 133,1,1,ART 14
ART 180,1,1,ART 21
ASTRON 120,1,1,PHYSICS 89
ASTRON 120,2,1,PHYSICS 5A
ASTRON 120,2,2,PHYSICS 5B
ASTRON 120,2,3,PHYSICS 5C
ASTRON 120,2,4,PHYSICS 7A
ASTRON 120,2,5,PHYSICS 7B
ASTRON 120,2,6,PHYSICS 7C
ASTRON 128,1,1,PHYSICS 89
ASTRON 128,2,1,DATA C100
ASTRON 128,2,2,DATA C8
ASTRON 160,1,1,PHYSICS 5A
ASTRON 160,1,2,PHYSICS 5B
ASTRON 160,1,3,PHYSICS 5C
ASTRON 160,1,4,PHYSICS 7A
ASTRON 160,1,5,PHYSICS 7B
ASTRON 160,1,6,PHYSICS 7C
ASTRON 7A,1,1,MATH 1A
ASTRON 7A,2,1,MATH 1B
ASTRON 7A,3,1,PHYSICS 5A
ASTRON 7A,3,2,PHYSICS 5B
ASTRON 7A,3,3,PHYSICS 5BL
ASTRON 7A,3,4,PHYSICS 7A
ASTRON 7A,3,5,PHYSICS 7B
EPS C162,1,1,PHYSICS 7C
EPS C162,2,1,PHYSICS 7B
EPS C162,3,1,PHYSICS 7A
PHYSICS C180,1,1,PHYSICS 5
PHYSICS C180,1,2,PHYSICS 7A
PHYSICS C180,1,3,PHYSICS 7B
PHYSICS C180,1,4,PHYSICS 7C
BIOENG 10,1,1,MATH 16A
BIOENG 10,1,2,MATH 51
BIOENG 102,1,1,MATH 54
BIOENG 102,2,1,PHYSICS 7A
BIOENG 102,3,1,MATH 53
BIOENG 103,1,1,MATH 54
BIOENG 103,2,1,MATH 51
BIOENG 103,3,1,PHYSICS 7A
BIOENG 103,4,1,MATH 53
BIOENG 103,5,1,PHYSICS 7B
BIOENG 103,6,1,MATH 52
BIOENG 103,7,1,BIOLOGY 1A
BIOENG 105,1,1,PHYSICS 7B
BIOENG 105,2,1,PHYSICS 7A
BIOENG 105,3,1,MATH 53
BIOENG 110,1,1,BIOLOGY 1A
BIOENG 110,2,1,MATH 54
BIOENG 114,1,1,BIOLOGY 1A
BIOENG 121,1,1,CHEM 3A
BIOENG 121,2,1,PHYSICS 7B
BIOENG 121,3,1,PHYSICS 7A
BIOENG 124,1,1,CHEM 3B
BIOENG 140L,1,1,BIOLOGY 1A
BIOENG 147,1,1,MATH 54
BIOENG 147,2,1,MATH 53
BIOENG 150,1,1,BIOLOGY 1A
BIOENG 150,2,1,CHEM 1A
BIOENG 163,1,1,PHYSICS 7B
BIOENG 163,2,1,CHEM 3A
CMPBIO C131,1,1,ENGIN 7
CMPBIO C149,1,1,ELENG 64
CMPBIO C149,1,2,ELENG 66
CMPBIO C149,1,3,MATH 54
CMPBIO C149,2,1,COMPSCI 61A
CMPBIO C149,3,1,BIOENG 11
CMPBIO C149,3,2,BIOLOGY 1A
CMPBIO C149,4,1,BIOENG 131
ELENG C145B,1,1,ELENG 66
ELENG C145B,2,1,ELENG 64
BIOLOGY 1A,1,1,CHEM 1A
BIOLOGY 1A,2,1,CHEM 4A
BIOLOGY 1A,3,1,BIOLOGY 1AL
BIOLOGY 1A,4,1,CHEM 12A
BIOLOGY 1A,4,2,CHEM 3A
BIOLOGY 1A,6,1,BIOLOGY 1B
BIOLOGY 1AL,1,1,CHEM 1A
BIOLOGY 1AL,2,1,CHEM 4A
BIOLOGY 1AL,3,1,BIOLOGY 1A
BIOLOGY 1AL,4,1,CHEM 12A
BIOLOGY 1AL,4,2,CHEM 3A
BURMESE 100B,1,1,BURMESE 1A
BURMESE 100B,1,2,BURMESE 1B
CELTIC 145A,1,1,CELTIC 15
CELTIC 145A,1,2,CELTIC 85
CHEM 115,1,1,CHEM 12B
CHEM 115,2,1,CHEM 3B
CHEM 115,2,2,CHEM 3BL
CHEM 120A,1,1,PHYSICS 7B
CHEM 120A,1,2,PHYSICS 8B
CHEM 120B,1,1,PHYSICS 7B
CHEM 120B,1,2,PHYSICS 8B
CHEM 135,1,1,BIOLOGY 1A
CHEM 136,1,1,CHEM 12A
CHEM 136,1,2,CHEM 135
CHEM 136,1,3,CHEM 3A
CHEM 136,1,4,CHEM 3B
CHEM 1AL,1,1,CHEM 1A
CHEM 1AL,2,1,CHEM 1A
CHEM 3A,1,1,CHEM 1A
CHEM 3AL,1,1,CHEM 1A
CHEM 3AL,2,1,CHEM 1AL
CHEM 3AL,3,1,CHEM 4A
CHEM 3AL,4,1,CHEM 3A
CHEM 3B,1,1,CHEM 3A
CHEM 3BL,1,1,CHEM 3AL
CHEM 3BL,2,1,CHEM 3B
MCELLBI C100A,1,1,BIOLOGY 1A
MCELLBI C100A,1,2,BIOLOGY 1AL
MCELLBI C100A,1,3,CHEM 112A
MCELLBI C100A,1,4,CHEM 3A
MCELLBI C100A,1,5,MATH 51
MCELLBI C100A,2,1,CHEM 112B
MCELLBI C100A,2,2,CHEM 3B
MATSCI C150,1,1,CHEM 104A
MATSCI C150,2,1,CHEM 104B
PHYSICS C191A,1,1,ELENG 66
PHYSICS C191A,1,2,MATH 54
PHYSICS C191A,1,3,PHYSICS 89
PHYSICS C191A,2,1,MATH 55
PHYSICS C191A,2,2,PHYSICS 137A
CHINESE 100A,1,1,CHINESE 10
CHINESE 100A,1,2,CHINESE 10B
CHINESE 102,1,1,CHINESE 100B
CHINESE 102,1,2,CHINESE 100XB
CHINESE 10A,1,1,CHINESE 1
CHINESE 10A,1,2,CHINESE 1B
CHINESE 110A,1,1,CHINESE 10
CHINESE 110A,1,2,CHINESE 10B
CHINESE 110A,1,3,CHINESE 10X
CHINESE 110A,1,4,CHINESE 10Y
CHINESE 111,1,1,CHINESE 101
CHINESE 111,1,2,CHINESE 102
CHINESE 134,1,1,CHINESE 110B
CHINESE 156,1,1,CHINESE 100A
CHINESE 156,1,2,CHINESE 100XA
CHINESE 4B,1,1,CHINESE 4A
CHMENG 140,1,1,PHYSICS 7B
CIVENG 100,1,1,ENGIN 7
CIVENG 100,2,1,PHYSICS 7A
CIVENG 100,3,1,MATH 53
CIVENG 11,1,1,CHEM 1A
CIVENG 11,2,1,MATH 51
CIVENG 126,1,1,ENGIN 7
CIVENG 170A,1,1,ENGIN 7
CIVENG 187,1,1,DATA C8
CIVENG 193,1,1,CIVENG 93
CIVENG 70,1,1,CHEM 1A
CIVENG 93,1,1,COMPSCI C8
CIVENG 93,1,2,ENGIN 7
CIVENG 93,1,3,INFO C8
CIVENG 93,1,4,STAT C8
CIVENG C103N,1,1,CHEM 1A
CIVENG C103N,2,1,MATH 51
CIVENG C103N,3,1,MATH 52
CIVENG C103N,4,1,PHYSICS 7A
MECENG C85,1,1,PHYSICS 7A
CMPBIO C176,1,1,COMPSCI 170
CMPBIO C176,1,2,COMPSCI 70
CMPBIO C176,1,3,ELENG 66
CMPBIO C176,1,4,MATH 54
COGSCI 132,1,1,COGSCI 1
COGSCI 132,1,2,COGSCI 1B
COGSCI 132,1,3,COMPSCI 61A
COGSCI 132,2,1,MATH 10A
COGSCI 132,2,2,MATH 16A
COGSCI 132,2,3,MATH 51
COGSCI 132,3,1,MATH 55
COGSCI 146,1,1,COGSCI 1
COGSCI 146,1,2,COGSCI 1B
COGSCI 146,1,3,COGSCI N1
PSYCH C127,1,1,PSYCH 110
PSYCH C127,1,2,PSYCH C120
PSYCH C123,1,1,COGSCI 1
PSYCH C123,1,2,COGSCI 1B
COMPSCI 160,1,1,COMPSCI 61B
COMPSCI 160,1,2,COMPSCI 61BL
COMPSCI 161,1,1,COMPSCI 70
COMPSCI 161,2,1,COMPSCI 61B
COMPSCI 161,3,1,COMPSCI 61C
COMPSCI 162,1,1,COMPSCI 70
COMPSCI 162,2,1,COMPSCI 61B
COMPSCI 162,3,1,COMPSCI 61C
COMPSCI 164,1,1,COMPSCI 61B
COMPSCI 164,2,1,COMPSCI 61C
COMPSCI 168,1,1,COMPSCI 61B
COMPSCI 168,2,1,COMPSCI 61C
COMPSCI 169A,1,1,COMPSCI 47A
COMPSCI 169A,1,2,COMPSCI 61A
COMPSCI 169A,1,3,COMPSCI C88C
COMPSCI 169A,1,4,DATA C88C
COMPSCI 169A,2,1,COMPSCI 47B
COMPSCI 169A,2,2,COMPSCI 61B
COMPSCI 169A,2,3,COMPSCI 61BL
COMPSCI 170,1,1,COMPSCI 70
COMPSCI 170,2,1,COMPSCI 61B
COMPSCI 171,1,1,COMPSCI 70
COMPSCI 172,1,1,COMPSCI 170
COMPSCI 180,1,1,COMPSCI 61B
COMPSCI 180,2,1,MATH 53
COMPSCI 180,3,1,ELENG 66
COMPSCI 180,3,2,MATH 110
COMPSCI 180,3,3,MATH 54
COMPSCI 180,3,4,MATH 56
COMPSCI 180,4,1,COMPSCI 189
COMPSCI 180,4,2,COMPSCI C182
COMPSCI 184,1,1,COMPSCI 61B
COMPSCI 184,2,1,MATH 110
COMPSCI 184,2,2,MATH 54
COMPSCI 186,1,1,COMPSCI 47C
COMPSCI 186,1,2,COMPSCI 61C
COMPSCI 186,2,1,COMPSCI 47C
COMPSCI 188,1,1,COMPSCI 70
COMPSCI 188,2,1,COMPSCI 61A
COMPSCI 188,3,1,COMPSCI 61B
COMPSCI 189,1,1,MATH 54
COMPSCI 189,2,1,MATH 53
COMPSCI 189,3,1,COMPSCI 70
COMPSCI 36,1,1,COMPSCI 61A
COMPSCI 47A,1,1,COMPSCI 61B
COMPSCI 47A,2,1,COMPSCI 9D
COMPSCI 47B,1,1,COMPSCI 9G
COMPSCI 47C,1,1,COMPSCI 9C
COMPSCI 61A,1,1,MATH 10A
COMPSCI 61A,1,2,MATH 16A
COMPSCI 61A,1,3,MATH 1A
COMPSCI 61B,1,1,COMPSCI 61A
COMPSCI 61B,1,2,COMPSCI 88
COMPSCI 61B,1,3,ENGIN 7
DATA C100,1,1,DATA C8
DATA C100,1,2,STAT 20
DATA C100,2,1,COMPSCI 61A
DATA C100,2,2,DATA C88C
DATA C100,2,3,ENGIN 7
DATA C100,3,2,ELENG 66
DATA C100,3,3,MATH 110
DATA C100,3,4,MATH 54
DATA C100,3,5,MATH 56
DATA C100,3,6,PHYSICS 89
DATA C182,1,1,MATH 54
DATA C182,2,1,COMPSCI 61B
DATA C182,3,1,MATH 53
DATA C182,4,1,COMPSCI 70
DATA C182,4,2,STAT 134
DATA C182,5,1,COMPSCI 189
DATA C101,1,1,COMPSCI 61B
DATA C101,1,2,INFO 206B
DATA C101,2,1,COMPSCI 189
DATA C101,2,2,COMPSCI C100
DATA C101,2,3,DATA 144
DATA C101,2,4,DATA C100
DATA C101,2,5,INFO 251
DATA C101,2,6,STAT C100
DATA C146,1,1,DATA C100
DATA C146,2,1,DATA C140
DATA 144,1,2,STAT C100
DATA 145,1,1,DATA C100
DATA 145,1,2,DATA C140
DATA 145,1,3,EECS 126
DATA 145,1,4,MATH 53
DATA 88,1,1,DATA 8
DATA 88,1,2,INFO C8
DATA 88E,1,1,DATA C8
DATA 89,1,1,MATH 10A
DATA 89,1,2,MATH 16A
DATA 89,1,3,MATH 1A
DATA 89,1,4,MATH 51
DATA 89,2,1,MATH 1A
DATA 89,3,1,MATH 51
DATA 89,4,1,COMPSCI 61A
DATA 89,4,2,DATA C8
DATA 89,4,3,DATA C88C
DATA 89,4,4,STAT 20
DATA 89,5,1,DATA C8
DATA C131A,1,1,STAT 20
DATA C131A,1,2,STAT C8
DATA C131A,2,1,MATH 10A
DATA C131A,2,2,MATH 10B
DATA C131A,2,3,MATH 16A
DATA C131A,2,4,MATH 1A
DATA C131A,2,5,MATH 51
DATA C131A,3,1,STAT 133
DATA C131A,3,2,STAT 33A
DATA C140,1,1,COMPSCI 61A
DATA C140,1,2,DATA C88C
DATA C140,1,3,STAT 20
DATA C140,1,4,STAT C8
DATA C140,2,1,MATH 1A
DATA C140,2,2,MATH 1B
DATA C140,2,3,MATH 51
DATA C140,2,4,MATH 52
DATA C140,3,1,ELENG 64
DATA C140,3,2,MATH 110
DATA C140,3,3,MATH 54
DATA C140,3,4,MATH 56
DATA C140,3,5,STAT C140
STAT C88S,1,1,MATH 10A
STAT C88S,1,2,MATH 16A
STAT C88S,1,3,MATH 1A
STAT C88S,1,4,MATH 51
STAT C88S,2,1,COMPSCI C8
STAT C88S,2,2,DATA C8
STAT C88S,2,3,INFO C8
STAT C88S,2,4,STAT C8
ECON 100A,1,1,ECON 1
ECON 100A,1,2,ECON 16A
ECON 100A,1,3,ECON 16B
ECON 100A,1,4,ECON 2
ECON 100A,1,5,ECON C3
ECON 100B,1,1,ECON 1
ECON 100B,1,2,ECON 16A
ECON 100B,1,3,ECON 2
ECON 101A,1,1,ECON 1
ECON 101A,1,2,ECON 2
ECON 101B,1,1,ECON 1
ECON 101B,1,2,ECON 2
ECON 101B,1,3,ECON 52
ECON 109,1,1,ECON 1
ECON 109,1,2,ECON 2
ECON 109,1,3,MATH 51
ECON 109,1,4,MATH 52
ECON 130,1,1,ECON 1
ECON 130,1,2,ECON 2
ECON 134,1,1,ECON 100B
ECON 134,1,2,ECON 101B
ECON 134,2,1,ECON 140
ECON 134,2,2,ECON 141
ECON 134,2,3,IAS C118
ECON 135,1,1,ECON 100B
ECON 135,1,2,ECON 101B
ECON 135,1,3,ECON 16A
ECON 135,1,4,ECON 16B
ECON 139,1,1,ECON 100A
ECON 139,1,2,ECON 101A
ECON 139,2,1,MATH 54
ECON 140,1,1,ECON 1
ECON 140,1,2,ECON 131A
ECON 140,1,3,ECON 135
ECON 140,1,4,ECON 2
ECON 140,1,5,ECON 21
ECON 140,1,6,ECON 88
ECON 141,1,1,ECON 1
ECON 141,1,2,ECON 131A
ECON 141,1,3,ECON 135
ECON 141,1,4,ECON 2
ECON 141,1,5,ECON 21
ECON 141,1,6,ECON 88
ECON 141,1,7,MATH 53
ECON 141,1,8,MATH 54
ECON 155A,1,1,ECON 100A
ECON 155A,1,2,ECON 101A
ECON 155A,1,3,ECON 140
ECON 155A,1,4,ECON 141
ECON 165,1,1,ECON 100B
ECON 165,1,2,ECON 101B
ECON 165,2,1,ECON 140
ECON 165,2,2,ECON 141
ECON 165,2,3,IAS C118
ECON 174,1,1,ECON 100A
ECON 174,1,2,ECON 100B
ECON 174,1,3,ECON 101A
ECON 174,1,4,ECON 101B
ECON 174,2,1,ECON 140
ECON 174,2,2,ECON 141
ECON 174,2,3,IAS C118
ENVECON C102,1,1,ECON 100A
ENVECON C102,1,2,ECON 100B
MATH C103,1,1,MATH 54
MATH C103,2,1,MATH 53
ENVECON C101,1,1,ECON 100A
ENVECON C101,1,2,ECON 101A
ENVECON C151,1,1,ECON 100A
ENVECON C151,1,2,ECON 101A
ENVECON C151,1,3,ENVECON 100
ENVECON C151,2,1,ECON 140
ENVECON C151,2,2,ECON 141
ENVECON C151,2,3,IAS C118
ECON C181,1,1,ECON 100A
ECON C181,1,2,ECON 100B
ECON C181,1,3,ECON 101A
ECON C181,1,4,ECON 101B
ECON C184,1,1,ECON 100A
ECON C184,1,2,ECON 101A
ECON C184,1,3,ENVECON 100
ENVECON C188,1,1,ECON 100
ENVECON C188,1,2,ECON 101A
ENVECON C188,1,3,ECON 140
ENVECON C188,1,4,ECON 141
ENVECON C188,1,5,ENVECON 100
EDSTEM 187,1,1,EDUC 131AC
EDUC C122,1,1,UGIS 82
EDUC 144,1,1,EDUC W144
EECS 126,1,1,COMPSCI 70
EECS 127,1,1,ELENG 64
EECS 127,1,2,ELENG 66
EECS 144,1,1,ELENG 66
EECS 144,2,1,ELENG 64
EECS 149,1,1,COMPSCI 70
EECS 149,2,1,COMPSCI 61C
EECS 149,3,1,ELENG 64
EECS 149,3,2,ELENG 66
EECS 151,1,1,ELENG 66
EECS 151,2,1,ELENG 64
EECS 151LA,1,1,ELENG 66
EECS 151LA,2,1,ELENG 64
EECS 151LA,3,1,COMPSCI 61C
EECS 151LB,1,1,ELENG 66
EECS 151LB,2,1,ELENG 64
EECS 151LB,3,1,COMPSCI 61C
EECS 151LB,4,1,ELENG 105
EECS 183,1,1,COMPSCI 188
EECS 183,1,2,COMPSCI 189
EECS 183,1,3,COMPSCI C182
EECS 47F,1,1,COMPSCI 61A
BIOENG C106A,1,1,ELENG 64
BIOENG C106A,1,2,ELENG 66
BIOENG C106A,1,3,MATH 54
BIOENG C106A,2,1,COMPSCI 61A
BIOENG C106A,3,1,COMPSCI 61B
EECS C128,1,1,ELENG 66
EECS C128,2,1,ELENG 120
EECS C128,3,1,MATH 110
ELENG 105,1,1,ELENG 66
ELENG 105,2,1,ELENG 64
ELENG 113,1,1,ELENG 108
ELENG 118,1,1,MATH 53
ELENG 118,2,1,ELENG 64
ELENG 118,2,2,ELENG 66
ELENG 118,2,3,MATH 54
ELENG 120,1,1,ELENG 66
ELENG 120,2,1,ELENG 64
ELENG 121,1,1,COMPSCI 70
ELENG 121,2,1,ELENG 66
ELENG 121,3,1,ELENG 64
ELENG 130,1,1,ELENG 66
ELENG 130,2,1,ELENG 64
ELENG 137A,1,1,ELENG 108
ELENG 142,1,1,ELENG 66
ELENG 142,2,1,ELENG 64
ELENG 143,1,1,PHYSICS 7B
ELENG 147,1,1,ELENG 66
ELENG 147,2,1,ELENG 64
ELENG 64,1,1,MATH 54
ELENG 66,1,1,MATH 54
ENGIN 178,1,1,ENGIN 7
ENGIN 178,2,1,MATH 51
ENGIN 178,3,1,MATH 51
ENGIN 178,4,1,MATH 53
ENGIN 178,5,1,MATH 54
ENGIN 29,1,1,ENGIN 26
ENGIN 40,1,1,MATH 54
ENGIN 40,2,1,PHYSICS 7B
ENGIN 40,3,1,CHEM 1B
ENGIN 7,1,1,MATH 52
ENGLISH 100,1,1,ENGLISH 90
ENGLISH H195A,1,1,ENGLISH 100
ENVDES 104,1,1,ENVDES 110
ENVECON 100,1,1,ECON 1
ENVECON 100,1,2,ECON C3
ENVECON 100,2,1,MATH 1A
ENVECON 100,2,2,MATH 1B
ENVECON 143,1,1,ECON 100A
ENVECON 143,1,2,ECON 101A
ENVECON 143,1,3,ENVECON 100
ENVECON 145,1,1,ECON 100
ENVECON 145,1,2,ECON 101A
ENVECON 152,1,1,ECON 100A
ENVECON 153,1,1,COMPSCI C8
ENVECON 153,1,2,ECON 100A
ENVECON 153,1,3,ECON 101A
ENVECON 153,1,4,ENVECON 100
ENVECON 153,1,5,INFO C8
ENVECON 153,1,6,MATH 54
ENVECON 153,1,7,STAT C8
ENVECON 161,1,1,ECON 100A
ENVECON 161,1,2,ECON 101A
IAS C175,1,1,ECON 1
EPS 108,1,1,PHYSICS 54
EPS 108,1,2,PHYSICS 7A
EPS 109,1,1,MATH 1A
EPS 122,1,1,PHYSICS 54
EPS 122,1,2,PHYSICS 7A
GEOG C139,1,1,PHYSICS 7C
GEOG C139,2,1,PHYSICS 7B
GEOG C139,3,1,PHYSICS 7A
ESPM 102D,1,1,ENVECON C1
ESPM 102D,1,2,ESPM 60
ESPM 108B,1,1,BIOLOGY 1A
ESPM 108B,1,2,BIOLOGY 1B
ESPM 115B,1,1,BIOLOGY 1A
ESPM 132,1,1,BIOLOGY 1A
ESPM 132,2,1,BIOLOGY 1B
ESPM 157,1,1,COMPSCI C8
ESPM 157,1,2,INFO C8
ESPM 157,1,3,STAT C8
ESPM 174,1,1,ESPM 173
ESPM 174,1,2,STAT 135
ESPM 182,1,2,ESPM 185
ESPM 185,1,1,ESPM 102A
INTEGBI C156,1,1,BIOLOGY 1A
INTEGBI C156,1,2,BIOLOGY 1B
INTEGBI C144,1,1,BIOLOGY 1A
INTEGBI C144,1,2,BIOLOGY 1B
INTEGBI C144,2,1,BIOLOGY 140
INTEGBI C144,3,1,BIOLOGY C160
ESPM C179A,1,1,CHEM 3AL
ETHSTD C199C,1,1,SOCIOL 116AC
FILM 185,1,1,FILM 85
FRENCH 121B,1,1,FRENCH 102
GERMAN 102B,1,1,GERMAN 4
GREEK 121,1,1,GREEK 100
GREEK 121,1,2,GREEK 102
GREEK 121,1,3,GREEK 105
HEBREW 20A,1,1,HEBREW 1A
HEBREW 20A,1,2,HEBREW 1B
HINDI 100A,1,1,HINDI 1A
HINDI 100A,1,2,HINDI 1B
HISTART R1B,1,1,ENGLISH 1A
INDENG 130,1,1,MATH 54
INDENG 130,1,2,STAT 134
INDENG 145,1,1,INDENG 162
INDENG 145,1,2,INDENG 169
INDENG 145,1,3,INDENG 172
INDENG 145,1,4,INDENG 173
INDENG 150,1,1,ENGIN 120
INDENG 162,1,1,MATH 54
INDENG 162,2,1,MATH 53
INDENG 172,1,1,MATH 51
INDENG 172,2,1,MATH 52
INDENG 172,3,1,MATH 53
INFO 153A,1,1,COMPSCI 61A
INTEGBI 103LF,1,1,BIOLOGY 1A
INTEGBI 103LF,2,1,BIOLOGY 1B
INTEGBI 108,1,1,BIOLOGY 1B
INTEGBI 118,1,1,BIOLOGY 1A
INTEGBI 118,2,1,BIOLOGY 1B
INTEGBI 123,1,1,BIOLOGY 1A
INTEGBI 123,1,2,CHEM 3B
INTEGBI 123,1,3,INTEGBI 132
INTEGBI 123,1,4,MCELLBI 136
INTEGBI 131,1,1,BIOLOGY 1A
INTEGBI 131,1,2,BIOLOGY 1B
INTEGBI 131,1,3,CHEM 1A
INTEGBI 131L,1,1,BIOLOGY 131
INTEGBI 131L,1,2,BIOLOGY 1A
INTEGBI 131L,1,3,BIOLOGY 1B
INTEGBI 134L,1,1,BIOLOGY 1A
INTEGBI 134L,2,1,BIOLOGY 1B
INTEGBI 136,1,1,BIOLOGY 1B
INTEGBI 148,1,1,BIOLOGY 1A
INTEGBI 148,2,1,BIOLOGY 1B
INTEGBI 157LF,1,1,BIOLOGY 1B
INTEGBI 159,1,1,BIOLOGY 1B
INTEGBI 160,1,1,BIOLOGY 1B
INTEGBI 164L,1,1,BIOLOGY 1A
INTEGBI 164L,2,1,BIOLOGY 1B
INTEGBI 178,1,1,BIOLOGY 1B
INTEGBI 184L,1,1,BIOLOGY 1B
INTEGBI 95B,1,1,BIOLOGY 1B
PLANTBI C110L,1,1,BIOLOGY 1B
NEU C166,1,1,BIOLOGY 1A
PSYCH C113,1,1,BIOLOGY 132
PSYCH C113,1,2,BIOLOGY 138
PSYCH C113,1,3,BIOLOGY 140
PSYCH C113,1,4,BIOLOGY 148
PSYCH C113,1,5,BIOLOGY 160
ITALIAN 101,1,1,ITALIAN 4
ITALIAN 102,1,1,ITALIAN 4
ITALIAN 2,1,1,ITALIAN 1
JAPAN 100A,1,1,JAPAN 10
JAPAN 100A,1,2,JAPAN 10B
JAPAN 103,1,1,JAPAN 100
JAPAN 103,1,2,JAPAN 100B
JAPAN 103,1,3,JAPAN 100X
JAPAN 10A,1,1,JAPAN 1
JAPAN 10A,1,2,JAPAN 1B
JAPAN 120,1,1,JAPAN 10
JAPAN 120,1,2,JAPAN 10B
JAPAN 155,1,1,JAPAN 100A
JAPAN 1B,1,1,JAPAN 1A
KOREAN 100A,1,1,KOREAN 10
KOREAN 100A,1,2,KOREAN 10B
KOREAN 100AX,1,1,KOREAN 10BX
KOREAN 101,1,1,KOREAN 100B
KOREAN 101,1,2,KOREAN 100BX
KOREAN 105,1,1,KOREAN 100B
KOREAN 105,1,2,KOREAN 100BX
KOREAN 10A,1,1,KOREAN 1
KOREAN 10A,1,2,KOREAN 1B
KOREAN 111,1,1,KOREAN 102
KOREAN 111,2,1,KOREAN 101
KOREAN 120,1,1,KOREAN 10B
KOREAN 120,1,2,KOREAN 10BX
KOREAN 1B,1,1,KOREAN 1A
KOREAN 5,1,1,KOREAN 1A
KOREAN 5,1,2,KOREAN 1AX
KOREAN 5,2,1,KOREAN 10A
KOREAN 5,2,2,KOREAN 10AX
KOREAN 5,3,1,KOREAN 10A
KOREAN 5,3,2,KOREAN 10AX
LDARCH 101,1,1,LDARCH 1
LDARCH 103,1,1,LDARCH 102
LINGUIS 120,1,1,LINGUIS 100
MATH 115,1,1,MATH 55
MATH 124,1,1,MATH 54
MATH 124,2,1,MATH 55
MATH 124,3,1,MATH 53
MATH 125A,1,1,MATH 104
MATH 125A,1,2,MATH 113
MATH 135,1,1,MATH 104
MATH 135,1,2,MATH 113
MATH 136,1,1,MATH 104
MATH 136,1,2,MATH 113
MATH 156,1,1,MATH 53
MATH 156,1,2,MATH 54
MATH 156,1,3,MATH 56
MATH 156,1,4,MATH 91
MATH 52,1,1,MATH 51
MATH 56,1,1,MATH 10B
MATH 56,1,2,MATH 1B
MATH 56,1,3,MATH 52
MATH 56,1,4,MATH N10B
MATH 56,1,5,MATH N1B
MATSCI 123,1,1,PHYSICS 7C
MATSCI 131,1,1,ENGIN 29
MATSCI 131,2,1,PHYSICS 7A
MATSCI 131,3,1,ENGIN 26
MATSCI 159,1,1,CHEM 120B
MATSCI 159,1,2,ENGIN 40
MATSCI 159,1,3,PHYSICS 5C
MBN 103,1,1,MCELLBI 32
MBN 103,2,1,MCELLBI 102
MBN 108A,1,1,BIOLOGY 102
MBN 170,1,1,MBN 103
MBN 190,1,1,MBN 103
MCELLBI 102,1,1,BIOLOGY 1A
MCELLBI 102,1,2,CHEM 3B
MCELLBI 104,1,1,BIOLOGY 1A
MCELLBI 120,1,1,CHEM C130
MCELLBI 120,1,2,MCELLBI 102
MCELLBI 120,1,3,MCELLBI 104
MCELLBI 120,1,4,MCELLBI C100A
MCELLBI 120L,1,1,MCELLBI 102
MCELLBI 120L,1,2,MCELLBI C100A
MCELLBI 132,1,1,MCELLBI 102
MCELLBI 132,2,1,BIOLOGY 1A
MCELLBI 132,3,1,BIOLOGY 1AL
MCELLBI 132,4,1,BIOLOGY 1B
MCELLBI 132,5,1,MCELLBI 104
MCELLBI 132,5,2,MCELLBI 110
MCELLBI 133L,1,1,BIOLOGY 1A
MCELLBI 135A,1,1,BIOLOGY 1A
MCELLBI 135A,2,1,CHEM C130
MCELLBI 135A,2,2,MCELLBI 102
MCELLBI 135A,2,3,MCELLBI C110A
MCELLBI 136,1,1,PHYSICS 8A
MCELLBI 136,2,1,BIOLOGY 1A
MCELLBI 136,3,1,BIOLOGY 1AL
MCELLBI 136,4,1,BIOLOGY 1B
MCELLBI 136,5,1,PHYSICS 8B
MCELLBI 140,1,1,BIOLOGY 1A
MCELLBI 140,2,1,BIOLOGY 1AL
MCELLBI 141,1,1,BIOLOGY 1A
MCELLBI 141,2,1,BIOLOGY 1AL
MCELLBI 141,3,1,BIOLOGY 1B
MCELLBI 143,1,1,BIOLOGY 102
MCELLBI 143,1,2,BIOLOGY 1A
MCELLBI 143,1,3,BIOLOGY 1B
MCELLBI 143,1,4,BIOLOGY C100A
MCELLBI 149,1,1,MCELLBI 104
MCELLBI 149,1,2,MCELLBI 110
MCELLBI 149,1,3,MCELLBI 140
MCELLBI 150L,1,1,BIOLOGY 150
MCELLBI 153,1,1,BIOLOGY 1A
MCELLBI 153,1,2,CHEM 135
MCELLBI 153,1,3,MCELLBI 102
MCELLBI 153,1,4,MCELLBI C100A
MCELLBI 153L,1,1,CHEM C130
MCELLBI 153L,1,2,MCELLBI 102
MCELLBI 153L,1,3,MCELLBI C100A
MCELLBI 180,1,1,BIOLOGY 1A
MCELLBI 180,2,1,BIOLOGY 1AL
MCELLBI 180C,1,1,BIOLOGY 132
MCELLBI 180C,1,2,BIOLOGY 132L
MCELLBI 180C,1,3,BIOLOGY 32L
MCELLBI 186A,1,1,BIOLOGY 1A
MCELLBI 186A,2,1,BIOLOGY 1AL
MCELLBI 186A,3,1,MCELLBI 186B
MCELLBI 50,1,1,BIOLOGY 1A
MCELLBI 50,2,1,BIOLOGY 1AL
PLANTBI C112,1,1,BIOLOGY 1A
PLANTBI C112L,1,1,MCELLBI C112
PLANTBI C112L,1,2,PBHLTH 162A
MCELLBI C146,1,1,BIOLOGY 1A
MCELLBI C146,2,1,BIOLOGY 1B
MCELLBI C146,3,1,DATA C8
MDGRK 100A,1,1,GREEK 1B
MECENG 100,1,1,COMPSCI 10
MECENG 100,1,2,COMPSCI 61A
MECENG 100,1,3,COMPSCI C8
MECENG 100,1,4,ENGIN 7
MECENG 100,2,1,MATH 51
MECENG 100,3,1,PHYSICS 7A
MECENG 102B,1,1,ENGIN 26
MECENG 102B,2,1,ENGIN 29
MECENG 102B,3,1,ELENG 66
MECENG 102B,4,1,ENGIN 26
MECENG 104,1,1,COMPSCI 61A
MECENG 104,1,2,ENGIN 7
MECENG 119,1,1,PHYSICS 7B
MECENG 132,1,1,MATH 54
MECENG 132,2,1,PHYSICS 7B
MECENG 132,3,1,PHYSICS 7A
MECENG 132,4,1,MATH 53
MECENG 136HL,1,1,MECENG 136
MECENG 185,1,1,MATH 54
MECENG 185,2,1,PHYSICS 7A
MECENG 185,3,1,MATH 53
MECENG 40,1,1,PHYSICS 7B
MECENG 40,2,1,ENGIN 7
MECENG 40,3,1,CHEM 1A
MECENG 40,4,1,MATH 52
BIOENG C137,1,1,MATH 1A
BIOENG C137,2,1,MATH 1B
BIOENG C137,3,1,PHYSICS 7A
MUSIC 107,1,1,MUSIC 158A
MUSIC 128,1,1,MUSIC 27
MUSIC 128,1,2,MUSIC 70
MUSIC 150,1,1,MUSIC 52A
MUSIC 150,1,2,MUSIC 90
MUSIC 151A,1,1,MUSIC 25
MUSIC 151B,1,1,MUSIC 53A
MUSIC 151C,1,1,MUSIC 53B
MUSIC 154A,1,1,MUSIC 151A
MUSIC 154A,1,2,MUSIC 25
MUSIC 158A,1,1,MUSIC 20A
MUSIC 158A,1,2,MUSIC 25A
MUSIC 158A,1,3,MUSIC 29
MUSIC 161A,1,1,MUSIC 61
MUSIC 161A,2,1,MUSIC 51
MUSIC 165,1,1,MUSIC 116A
MUSIC 165,1,2,MUSIC 116B
MUSIC 165,1,3,MUSIC 164
MUSIC 168A,1,1,MUSIC 141
MUSIC 168H,1,1,MUSIC 149
MUSIC 170,1,1,MUSIC 53B
MUSIC 170,1,2,MUSIC 70
MUSIC 170A,1,1,MUSIC 53B
MUSIC 170A,1,2,MUSIC 70
MUSIC 172,1,1,MUSIC 52B
NEU 100A,1,1,BIOLOGY 1A
NEU 100A,2,1,BIOLOGY 1AL
NEU 100A,3,1,PHYSICS 8B
NEU 100A,4,1,PHYSICS 8A
NEU 100B,1,1,MCELLBI 160
NEU 100B,1,2,NEU 100A
NEU 110,1,1,BIOLOGY 1A
NEU 110,1,2,BIOLOGY 1AL
NEU 123,1,1,NEU C61
NEU 123,1,2,NEU C62
NEU 123,1,3,PSYCH 110
NEU 123,1,4,PSYCH C61
NEU 128,1,1,NEU 100A
NEU 151,1,1,NEU 100A
NEU 151,2,1,NEU 100B
NEU 163,1,1,BIOLOGY 1A
NEU 163,1,2,INTEGBI 132
NEU 163,1,3,NEU 100A
NEU 163,1,4,NEU 100B
NEU 163,1,5,PSYCH 110
NEU 163C,1,1,BIOLOGY 1A
NEU 163C,1,2,INTEGBI 132
NEU 163C,1,3,NEU 100A
NEU 163C,1,4,NEU 100B
NEU 163C,1,5,PSYCH 110
NEU 164,1,1,NEU 100A
NEU 171L,1,1,BIOLOGY 1A
NEU 171L,2,1,BIOLOGY 1AL
NEU 171L,3,1,PHYSICS 8B
NEU 171L,4,1,PHYSICS 8A
NEU 171L,5,1,NEU 100A
NEU 172L,1,1,NEU 100A
NEU 172L,2,1,NEU 100B
NEU 172L,3,1,DATA C8
NUCENG 100,1,1,PHYSICS 7B
NUCENG 100,2,1,PHYSICS 7A
NUCENG 100,3,1,MATH 53
NUCENG 101,1,1,PHYSICS 7C
NUCENG 120,1,1,ENGIN 40
NUCENG 161,1,1,ENGIN 40
NUCENG 167,1,1,ENGIN 120
NUCENG C180,1,1,PHYSICS 5C
NUCENG C180,1,2,PHYSICS 7C
PERSIAN 100A,1,1,PERSIAN 20A
PERSIAN 100A,1,2,PERSIAN 20B
PERSIAN 1A,1,1,PERSIAN 1B
PERSIAN 20A,1,1,PERSIAN 11A
PERSIAN 20A,1,2,PERSIAN 11B
PERSIAN 20A,1,3,PERSIAN 1A
PERSIAN 20A,1,4,PERSIAN 1B
PHYSICS 105,1,1,PHYSICS 5A
PHYSICS 105,1,2,PHYSICS 5B
PHYSICS 105,1,3,PHYSICS 5C
PHYSICS 105,1,4,PHYSICS 7A
PHYSICS 105,1,5,PHYSICS 7B
PHYSICS 105,1,6,PHYSICS 7C
PHYSICS 110A,1,1,PHYSICS 5A
PHYSICS 110A,1,2,PHYSICS 5B
PHYSICS 110A,1,3,PHYSICS 5C
PHYSICS 110A,1,4,PHYSICS 7A
PHYSICS 110A,1,5,PHYSICS 7B
PHYSICS 110A,1,6,PHYSICS 7C
PHYSICS 111B,1,1,PHYSICS 111A
PHYSICS 111B,1,2,PHYSICS 137A
PHYSICS 112,1,1,PHYSICS 5A
PHYSICS 112,1,2,PHYSICS 5B
PHYSICS 112,1,3,PHYSICS 5C
PHYSICS 112,1,4,PHYSICS 7A
PHYSICS 112,1,5,PHYSICS 7B
PHYSICS 112,1,6,PHYSICS 7C
PHYSICS 137A,1,1,PHYSICS 5A
PHYSICS 137A,1,2,PHYSICS 5B
PHYSICS 137A,1,3,PHYSICS 5C
PHYSICS 137A,1,4,PHYSICS 7A
PHYSICS 137A,1,5,PHYSICS 7B
PHYSICS 137A,1,6,PHYSICS 7C
PHYSICS 137B,1,1,PHYSICS 7C
PHYSICS 137B,2,1,PHYSICS 137A
PHYSICS 137B,3,1,PHYSICS 7B
PHYSICS 137B,4,1,PHYSICS 7A
PHYSICS 5A,1,1,MATH 51
PHYSICS 5A,2,1,MATH 52
PHYSICS 5B,1,1,PHYSICS 5A
PHYSICS 5B,1,2,PHYSICS 7A
PHYSICS 5B,2,1,MATH 53
PHYSICS 5B,3,1,PHYSICS 5A
PHYSICS 5B,3,2,PHYSICS 7A
PHYSICS 5BL,1,1,PHYSICS 5A
PHYSICS 5BL,1,2,PHYSICS 7A
PHYSICS 5C,1,1,PHYSICS 5B
PHYSICS 5C,1,2,PHYSICS 7B
PHYSICS 5C,2,1,MATH 54
PHYSICS 5C,2,2,PHYSICS 89
PHYSICS 5C,3,1,MATH 54
PHYSICS 5C,3,2,PHYSICS 89
PHYSICS 5CL,1,1,PHYSICS 5B
PHYSICS 5CL,1,2,PHYSICS 5BL
PHYSICS 5CL,1,3,PHYSICS 7B
PHYSICS 5CL,2,1,PHYSICS 5BL
PHYSICS 5CL,2,2,PHYSICS 5C
PHYSICS 5CL,2,3,PHYSICS 7B
PHYSICS 5CL,2,4,PHYSICS 7C
PHYSICS 77,1,1,MATH 51
PHYSICS 77,2,1,PHYSICS 5A
PHYSICS 77,2,2,PHYSICS 7A
PHYSICS 7A,1,1,MATH 51
PHYSICS 7A,2,1,MATH 52
PHYSICS 7B,1,1,MATH 51
PHYSICS 7B,2,1,MATH 52
PHYSICS 7B,3,1,MATH 53
PHYSICS 7C,1,1,MATH 51
PHYSICS 7C,1,2,MATH 52
PHYSICS 7C,1,3,MATH 53
PHYSICS 7C,1,4,MATH 54
PHYSICS 7C,1,5,PHYSICS 7A
PHYSICS 7C,1,6,PHYSICS 7B
PHYSICS 7C,1,7,PHYSICS 89
PHYSICS 88,1,1,MATH 51
PHYSICS 88,1,2,MATH 52
PHYSICS 88,1,3,PHYSICS 5A
PHYSICS 88,1,4,PHYSICS 7A
PHYSICS 89,1,1,MATH 53
PHYSICS 89,2,1,PHYSICS 5A
PHYSICS 89,2,2,PHYSICS 7A
PLANTBI 135,1,1,BIOLOGY 1A
PLANTBI 135,2,1,BIOLOGY 1B
PLANTBI C103,1,1,CHEM 3B
PLANTBI C103,2,1,BIOLOGY 1A
POLECON 101,1,1,POLECON 100
POLECON 107,1,1,ECON 1
POLSCI 132C,1,1,DATA 8
POLSCI 88,1,1,DATA 8
PSYCH 101,1,1,PSYCH 1
PSYCH 102,1,1,PSYCH 101
PSYCH 115,1,1,PSYCH C127
PSYCH 125,1,1,COGSCI C127
PSYCH 125,1,2,PSYCH 110
PSYCH 125,1,3,PSYCH 117
PSYCH 130,1,1,PSYCH 1
PSYCH 130,1,2,PSYCH 2
PSYCH 131,1,1,PSYCH 130
PSYCH 134,1,1,PSYCH 1
PSYCH 134,1,2,PSYCH 2
PSYCH 134,2,1,PSYCH C19
PSYCH 140,1,1,PSYCH 1
PSYCH 150,1,1,PSYCH 101
PSYCH 150,2,1,PSYCH 1
PSYCH 160,1,1,PSYCH 1
RUSSIAN 103A,1,1,RUSSIAN 4
RUSSIAN 2,1,1,RUSSIAN 1
RUSSIAN 3,1,1,RUSSIAN 2
SCANDIN 100A,1,1,DANISH 1B
SCANDIN 100A,1,2,FINNISH 1B
SCANDIN 100A,1,3,SWEDISH 1B
SLAVIC 171,1,1,BOSCRSR 117B
SOCIOL 119L,1,1,SOCIOL 1
SOCIOL 119L,1,2,SOCIOL 3AC
SOCIOL 149,1,1,SOCIOL 1
SOCIOL 149,1,2,SOCIOL 140
SOCIOL 149,1,3,SOCIOL 3
SOCIOL 149,1,4,SOCIOL 3AC
SOCIOL 149P,1,1,SOCIOL 1
SOCIOL 149P,1,2,SOCIOL 3
SOCIOL 149P,1,3,SOCIOL 3AC
SPANISH 100,1,1,SPANISH 4
SPANISH 104A,1,1,SPANISH 25
SPANISH 107B,1,1,SPANISH 25
SPANISH 135,1,1,SPANISH 25
SPANISH 161,1,1,SPANISH 100
SPANISH 163,1,1,SPANISH 100
SPANISH 179,1,1,SPANISH 100
SPANISH 25,1,1,SPANISH 4
STAT 135,1,1,STAT 134
STAT 135,1,2,STAT 140
STAT 135,2,1,MATH 110
STAT 135,2,2,MATH 54
STAT 135,2,3,STAT 89A
STAT 135,3,1,STAT 133
STAT 151A,1,1,STAT 135
STAT 151A,2,1,STAT 133
STAT 154,1,1,COMPSCI C100
STAT 154,1,2,STAT C140
STAT 20,1,1,MATH 10A
STAT 20,1,2,MATH 10B
STAT 20,1,3,MATH 16A
STAT 20,1,4,MATH 1A
STAT 20,1,5,MATH 51
THEATER 109,1,1,THEATER 10
THEATER 110A,1,1,THEATER 10
THEATER 110A,1,2,THEATER 109
THEATER 111,1,1,THEATER 10
THEATER 111,1,2,THEATER 109
THEATER 111,1,3,THEATER 110A
THEATER 111,1,4,THEATER 110B
THEATER 146A,1,1,THEATER 144
THEATER 146A,1,2,THEATER 148
THEATER 168,1,2,THEATER 60
THEATER 172,1,1,THEATER 60
UGBA 101A,1,1,ECON 1
UGBA 101A,1,2,ECON 16A
UGBA 101A,1,3,ECON 51
UGBA 101B,1,1,ECON 1
UGBA 101B,1,2,ECON 16A
UGBA 120AB,1,1,UGBA 102A
UGBA 120AB,2,1,UGBA 120AA
UGBA 180,1,1,ECON 1
UGBA 180,1,2,ECON 1A
UGBA 88,1,1,MATH 16A
UGBA 88,1,2,MATH 51
UKRAINI 100,1,1,UKRAINI 1B
URDU 100A,1,1,URDU 2B
URDU 100A,2,1,URDU 1A
URDU 100A,3,1,URDU 1B
XHISTAR R1B,1,1,ENGLISH 1A
XMATH 10A,1,1,MATH 98
XMATH 10A,2,1,MATH 10A
XMATH 51,1,1,MATH 32
XMATH 52,1,1,MATH 1B
XMATH 52,1,2,MATH N1B
DATA C102,1,1,DATA C100
DATA C102,2,1,EECS 126
DATA C102,2,2,STAT 134
DATA C102,2,3,STAT C140
DATA C102,2,4,INDENG 172
DATA C102,3,1,MATH 54
DATA C102,3,2,MATH 110
DATA C102,3,3,ELENG 16A
DATA C102,3,3,ELENG 16B
DATA C102,3,4,STAT 89A
DATA C102,3,5,PHYSICS 89
